week,matchup,roster_a,team_a,roster_b,team_b,changed
1,1,1,"willmoran",11,"mdropkin",1
1,2,2,"skoeiboy",6,"bjennings28",0
1,3,3,"Flabiano9",10,"erozier",1
1,4,4,"benditlikebergvall",7,"rmeernst",1
1,5,5,"brendog2814",9,"JordiCarb",1
1,6,8,"cstoney20",12,"Noahvillasana17",1
2,1,1,"willmoran",2,"skoeiboy",0
2,2,3,"Flabiano9",7,"rmeernst",0
2,3,4,"benditlikebergvall",9,"JordiCarb",0
2,4,5,"brendog2814",12,"Noahvillasana17",0
2,5,6,"bjennings28",10,"erozier",0
2,6,8,"cstoney20",11,"mdropkin",0
3,1,1,"willmoran",10,"erozier",0
3,2,2,"skoeiboy",3,"Flabiano9",0
3,3,4,"benditlikebergvall",5,"brendog2814",0
3,4,6,"bjennings28",11,"mdropkin",0
3,5,7,"rmeernst",8,"cstoney20",1
3,6,9,"JordiCarb",12,"Noahvillasana17",1
4,1,1,"willmoran",6,"bjennings28",0
4,2,2,"skoeiboy",9,"JordiCarb",0
4,3,3,"Flabiano9",4,"benditlikebergvall",1
4,4,5,"brendog2814",8,"cstoney20",1
4,5,7,"rmeernst",10,"erozier",1
4,6,11,"mdropkin",12,"Noahvillasana17",0
5,1,1,"willmoran",9,"JordiCarb",1
5,2,2,"skoeiboy",5,"brendog2814",0
5,3,3,"Flabiano9",6,"bjennings28",0
5,4,4,"benditlikebergvall",12,"Noahvillasana17",0
5,5,7,"rmeernst",8,"cstoney20",0
5,6,10,"erozier",11,"mdropkin",1
6,1,1,"willmoran",3,"Flabiano9",0
6,2,2,"skoeiboy",8,"cstoney20",0
6,3,4,"benditlikebergvall",11,"mdropkin",0
6,4,5,"brendog2814",10,"erozier",0
6,5,6,"bjennings28",9,"JordiCarb",0
6,6,7,"rmeernst",12,"Noahvillasana17",0
7,1,1,"willmoran",4,"benditlikebergvall",1
7,2,2,"skoeiboy",12,"Noahvillasana17",0
7,3,3,"Flabiano9",11,"mdropkin",0
7,4,5,"brendog2814",6,"bjennings28",0
7,5,7,"rmeernst",9,"JordiCarb",1
7,6,8,"cstoney20",10,"erozier",0
8,1,1,"willmoran",5,"brendog2814",0
8,2,2,"skoeiboy",4,"benditlikebergvall",0
8,3,3,"Flabiano9",9,"JordiCarb",0
8,4,6,"bjennings28",8,"cstoney20",0
8,5,7,"rmeernst",11,"mdropkin",0
8,6,10,"erozier",12,"Noahvillasana17",0
9,1,1,"willmoran",8,"cstoney20",0
9,2,2,"skoeiboy",7,"rmeernst",0
9,3,3,"Flabiano9",5,"brendog2814",0
9,4,4,"benditlikebergvall",10,"erozier",0
9,5,6,"bjennings28",12,"Noahvillasana17",0
9,6,9,"JordiCarb",11,"mdropkin",0
10,1,1,"willmoran",12,"Noahvillasana17",0
10,2,2,"skoeiboy",11,"mdropkin",0
10,3,3,"Flabiano9",9,"JordiCarb",1
10,4,4,"benditlikebergvall",6,"bjennings28",0
10,5,5,"brendog2814",8,"cstoney20",1
10,6,7,"rmeernst",10,"erozier",0
11,1,1,"willmoran",4,"benditlikebergvall",0
11,2,2,"skoeiboy",10,"erozier",0
11,3,3,"Flabiano9",12,"Noahvillasana17",0
11,4,5,"brendog2814",11,"mdropkin",0
11,5,6,"bjennings28",7,"rmeernst",0
11,6,8,"cstoney20",9,"JordiCarb",0
12,1,1,"willmoran",11,"mdropkin",1
12,2,2,"skoeiboy",6,"bjennings28",0
12,3,3,"Flabiano9",10,"erozier",1
12,4,4,"benditlikebergvall",7,"rmeernst",1
12,5,5,"brendog2814",9,"JordiCarb",1
12,6,8,"cstoney20",12,"Noahvillasana17",1
13,1,1,"willmoran",2,"skoeiboy",0
13,2,3,"Flabiano9",7,"rmeernst",0
13,3,4,"benditlikebergvall",9,"JordiCarb",0
13,4,5,"brendog2814",12,"Noahvillasana17",0
13,5,6,"bjennings28",10,"erozier",0
13,6,8,"cstoney20",11,"mdropkin",0
14,1,1,"willmoran",10,"erozier",0
14,2,2,"skoeiboy",3,"Flabiano9",0
14,3,4,"benditlikebergvall",12,"Noahvillasana17",1
14,4,5,"brendog2814",8,"cstoney20",1
14,5,6,"bjennings28",11,"mdropkin",0
14,6,7,"rmeernst",9,"JordiCarb",0
15,1,1,"willmoran",6,"bjennings28",0
15,2,2,"skoeiboy",9,"JordiCarb",0
15,3,3,"Flabiano9",4,"benditlikebergvall",1
15,4,5,"brendog2814",7,"rmeernst",0
15,5,8,"cstoney20",10,"erozier",1
15,6,11,"mdropkin",12,"Noahvillasana17",0
16,1,1,"willmoran",9,"JordiCarb",1
16,2,2,"skoeiboy",5,"brendog2814",0
16,3,3,"Flabiano9",6,"bjennings28",0
16,4,4,"benditlikebergvall",12,"Noahvillasana17",0
16,5,7,"rmeernst",8,"cstoney20",0
16,6,10,"erozier",11,"mdropkin",1
17,1,1,"willmoran",3,"Flabiano9",0
17,2,2,"skoeiboy",8,"cstoney20",0
17,3,4,"benditlikebergvall",11,"mdropkin",0
17,4,5,"brendog2814",10,"erozier",0
17,5,6,"bjennings28",9,"JordiCarb",0
17,6,7,"rmeernst",12,"Noahvillasana17",0
18,1,1,"willmoran",9,"JordiCarb",0
18,2,2,"skoeiboy",12,"Noahvillasana17",0
18,3,3,"Flabiano9",11,"mdropkin",0
18,4,4,"benditlikebergvall",8,"cstoney20",1
18,5,5,"brendog2814",6,"bjennings28",0
18,6,7,"rmeernst",10,"erozier",1
19,1,1,"willmoran",5,"brendog2814",0
19,2,2,"skoeiboy",4,"benditlikebergvall",0
19,3,3,"Flabiano9",9,"JordiCarb",0
19,4,6,"bjennings28",8,"cstoney20",0
19,5,7,"rmeernst",11,"mdropkin",0
19,6,10,"erozier",12,"Noahvillasana17",0
20,1,1,"willmoran",8,"cstoney20",0
20,2,2,"skoeiboy",7,"rmeernst",0
20,3,3,"Flabiano9",5,"brendog2814",0
20,4,4,"benditlikebergvall",10,"erozier",0
20,5,6,"bjennings28",12,"Noahvillasana17",0
20,6,9,"JordiCarb",11,"mdropkin",0
21,1,1,"willmoran",7,"rmeernst",1
21,2,2,"skoeiboy",11,"mdropkin",0
21,3,3,"Flabiano9",8,"cstoney20",0
21,4,4,"benditlikebergvall",6,"bjennings28",0
21,5,5,"brendog2814",10,"erozier",1
21,6,9,"JordiCarb",12,"Noahvillasana17",1
22,1,1,"willmoran",4,"benditlikebergvall",0
22,2,2,"skoeiboy",10,"erozier",0
22,3,3,"Flabiano9",12,"Noahvillasana17",0
22,4,5,"brendog2814",11,"mdropkin",0
22,5,6,"bjennings28",7,"rmeernst",0
22,6,8,"cstoney20",9,"JordiCarb",0
23,1,1,"willmoran",11,"mdropkin",1
23,2,2,"skoeiboy",6,"bjennings28",0
23,3,3,"Flabiano9",10,"erozier",1
23,4,4,"benditlikebergvall",7,"rmeernst",1
23,5,5,"brendog2814",9,"JordiCarb",1
23,6,8,"cstoney20",12,"Noahvillasana17",1
24,1,1,"willmoran",2,"skoeiboy",0
24,2,3,"Flabiano9",7,"rmeernst",0
24,3,4,"benditlikebergvall",9,"JordiCarb",0
24,4,5,"brendog2814",12,"Noahvillasana17",0
24,5,6,"bjennings28",10,"erozier",0
24,6,8,"cstoney20",11,"mdropkin",0
25,1,1,"willmoran",7,"rmeernst",1
25,2,2,"skoeiboy",3,"Flabiano9",0
25,3,4,"benditlikebergvall",5,"brendog2814",0
25,4,6,"bjennings28",11,"mdropkin",0
25,5,8,"cstoney20",10,"erozier",1
25,6,9,"JordiCarb",12,"Noahvillasana17",1
26,1,1,"willmoran",6,"bjennings28",0
26,2,2,"skoeiboy",9,"JordiCarb",0
26,3,3,"Flabiano9",4,"benditlikebergvall",1
26,4,5,"brendog2814",7,"rmeernst",0
26,5,8,"cstoney20",10,"erozier",1
26,6,11,"mdropkin",12,"Noahvillasana17",0
27,1,1,"willmoran",12,"Noahvillasana17",1
27,2,2,"skoeiboy",5,"brendog2814",0
27,3,3,"Flabiano9",6,"bjennings28",0
27,4,4,"benditlikebergvall",11,"mdropkin",1
27,5,7,"rmeernst",8,"cstoney20",0
27,6,9,"JordiCarb",10,"erozier",0
28,1,1,"willmoran",3,"Flabiano9",0
28,2,2,"skoeiboy",8,"cstoney20",0
28,3,4,"benditlikebergvall",11,"mdropkin",0
28,4,5,"brendog2814",10,"erozier",0
28,5,6,"bjennings28",9,"JordiCarb",0
28,6,7,"rmeernst",12,"Noahvillasana17",0
29,1,1,"willmoran",9,"JordiCarb",0
29,2,2,"skoeiboy",12,"Noahvillasana17",0
29,3,3,"Flabiano9",11,"mdropkin",0
29,4,4,"benditlikebergvall",8,"cstoney20",1
29,5,5,"brendog2814",6,"bjennings28",0
29,6,7,"rmeernst",10,"erozier",1
30,1,1,"willmoran",5,"brendog2814",0
30,2,2,"skoeiboy",4,"benditlikebergvall",0
30,3,3,"Flabiano9",9,"JordiCarb",0
30,4,6,"bjennings28",8,"cstoney20",0
30,5,7,"rmeernst",11,"mdropkin",0
30,6,10,"erozier",12,"Noahvillasana17",0
31,1,1,"willmoran",8,"cstoney20",0
31,2,2,"skoeiboy",7,"rmeernst",0
31,3,3,"Flabiano9",5,"brendog2814",0
31,4,4,"benditlikebergvall",10,"erozier",0
31,5,6,"bjennings28",12,"Noahvillasana17",0
31,6,9,"JordiCarb",11,"mdropkin",0
32,1,1,"willmoran",12,"Noahvillasana17",0
32,2,2,"skoeiboy",11,"mdropkin",0
32,3,3,"Flabiano9",8,"cstoney20",0
32,4,4,"benditlikebergvall",6,"bjennings28",0
32,5,5,"brendog2814",7,"rmeernst",1
32,6,9,"JordiCarb",10,"erozier",1
33,1,1,"willmoran",4,"benditlikebergvall",0
33,2,2,"skoeiboy",10,"erozier",0
33,3,3,"Flabiano9",12,"Noahvillasana17",0
33,4,5,"brendog2814",11,"mdropkin",0
33,5,6,"bjennings28",7,"rmeernst",0
33,6,8,"cstoney20",9,"JordiCarb",0
34,1,1,"willmoran",11,"mdropkin",1
34,2,2,"skoeiboy",6,"bjennings28",0
34,3,3,"Flabiano9",10,"erozier",1
34,4,4,"benditlikebergvall",7,"rmeernst",1
34,5,5,"brendog2814",9,"JordiCarb",1
34,6,8,"cstoney20",12,"Noahvillasana17",1
35,1,1,"willmoran",2,"skoeiboy",0
35,2,3,"Flabiano9",7,"rmeernst",0
35,3,4,"benditlikebergvall",9,"JordiCarb",0
35,4,5,"brendog2814",12,"Noahvillasana17",0
35,5,6,"bjennings28",10,"erozier",0
35,6,8,"cstoney20",11,"mdropkin",0
36,1,1,"willmoran",10,"erozier",0
36,2,2,"skoeiboy",12,"Noahvillasana17",1
36,3,3,"Flabiano9",8,"cstoney20",1
36,4,4,"benditlikebergvall",5,"brendog2814",0
36,5,6,"bjennings28",11,"mdropkin",0
36,6,7,"rmeernst",9,"JordiCarb",0
37,1,1,"willmoran",6,"bjennings28",0
37,2,2,"skoeiboy",9,"JordiCarb",0
37,3,3,"Flabiano9",12,"Noahvillasana17",1
37,4,4,"benditlikebergvall",8,"cstoney20",0
37,5,5,"brendog2814",7,"rmeernst",0
37,6,10,"erozier",11,"mdropkin",1
38,1,1,"willmoran",7,"rmeernst",1
38,2,2,"skoeiboy",5,"brendog2814",0
38,3,3,"Flabiano9",6,"bjennings28",0
38,4,4,"benditlikebergvall",8,"cstoney20",1
38,5,9,"JordiCarb",10,"erozier",0
38,6,11,"mdropkin",12,"Noahvillasana17",1
